rank,brand,score,eligible,ineligible_reason,conversations,reconstructable_conversations,reconstructable_rate,multi_turn_conversations,multi_turn_density,avg_turns,resolved_rate,dm_redirect_rate,top_resolution_type,top_resolution_share,template_repeat_rate,intent_diversity,intent_coverage,latin_script_share,multi_party_rate,missing_parent_rate,median_first_response_minutes,agent_tweets_total
1.0,AskAmex,0.7179,True,,4286,4084,0.9529,3169,0.776,4.571,0.2796,0.023,agent_answered_unconfirmed,0.4131,0.3077,0.736,0.6655,1.0,0.0471,0.0049,20.025,11358
2.0,Tesco,0.6949,True,,16659,15564,0.9343,10471,0.6728,4.0099,0.1052,0.3146,redirected_to_dm,0.3146,0.0492,0.7741,0.5484,1.0,0.0657,0.004,101.0667,38573
3.0,VirginTrains,0.6885,True,,14813,12984,0.8765,7319,0.5637,3.7441,0.1849,0.033,agent_answered_unconfirmed,0.4434,0.0359,0.784,0.7496,1.0,0.1233,0.0061,3.5333,27817
4.0,Uber_Support,0.6859,True,,41891,40157,0.9586,13322,0.3317,2.8621,0.0435,0.5932,redirected_to_dm,0.5932,0.5736,0.8712,0.6264,0.9998,0.0414,0.0033,8.05,56270
5.0,AmazonHelp,0.6737,True,,82477,78763,0.955,47467,0.6027,4.2922,0.0611,0.0104,redirected_to_channel,0.4051,0.0432,0.6886,0.6158,0.9228,0.045,0.0079,10.9333,169840
6.0,XboxSupport,0.6667,True,,13399,11612,0.8666,6573,0.5661,3.4901,0.0976,0.2375,redirected_to_channel,0.2892,0.2296,0.747,0.6048,0.9992,0.1319,0.0053,97.1917,24557
7.0,BofA_Help,0.6551,True,,6550,6080,0.9282,3394,0.5582,3.3597,0.0666,0.1155,redirected_to_channel,0.3405,0.3006,0.8209,0.4918,0.9998,0.0718,0.0082,39.2,12683
8.0,sainsburys,0.6519,True,,10832,10108,0.9332,5405,0.5347,3.5818,0.1582,0.3047,redirected_to_dm,0.3047,0.0608,0.766,0.5172,1.0,0.0668,0.0035,62.475,19466
9.0,British_Airways,0.6436,True,,16389,15439,0.942,7817,0.5063,3.4117,0.1656,0.1141,agent_answered_unconfirmed,0.4734,0.0086,0.7349,0.75,1.0,0.058,0.0024,185.3333,29361
10.0,GWRHelp,0.6417,True,,10676,9577,0.8971,5796,0.6052,3.7999,0.1581,0.0191,agent_answered_unconfirmed,0.4776,0.0088,0.7374,0.782,1.0,0.1029,0.0049,9.1167,19364
11.0,VerizonSupport,0.641,True,,8311,7038,0.8468,4207,0.5978,4.684,0.0777,0.157,agent_answered_unconfirmed,0.2759,0.163,0.8007,0.6594,1.0,0.1532,0.0107,3.3167,17966
12.0,idea_cares,0.6218,True,,7518,7075,0.9411,4444,0.6281,4.2506,0.0278,0.1813,agent_answered_unconfirmed,0.4352,0.5614,0.6648,0.5748,0.9672,0.0589,0.0056,12.1,15724
13.0,SpotifyCares,0.6154,True,,28261,27152,0.9608,9375,0.3453,3.0339,0.0714,0.3915,redirected_to_dm,0.3915,0.2028,0.7392,0.6012,0.9992,0.0391,0.0024,63.6,43265
14.0,Safaricom_Care,0.6083,True,,9337,8784,0.9408,4407,0.5017,3.3068,0.0894,0.1876,agent_answered_unconfirmed,0.5025,0.1276,0.7368,0.442,1.0,0.0592,0.0031,16.8167,16077
15.0,AskPlayStation,0.6058,True,,12528,11609,0.9266,4803,0.4137,3.1122,0.0581,0.3183,redirected_to_dm,0.3183,0.3364,0.7505,0.6762,0.9998,0.0734,0.0022,186.2167,19098
16.0,ArgosHelpers,0.5968,True,,7539,7016,0.9306,3600,0.5131,3.4768,0.1224,0.2883,agent_answered_unconfirmed,0.294,0.045,0.7952,0.6918,1.0,0.0694,0.0056,12.2583,12174
17.0,Delta,0.5929,True,,26025,24799,0.9529,9779,0.3943,3.149,0.1619,0.1946,agent_answered_unconfirmed,0.4728,0.0469,0.6345,0.7412,0.9998,0.0471,0.0036,11.45,42253
18.0,ChipotleTweets,0.5776,True,,14387,13591,0.9447,4069,0.2994,2.6003,0.0596,0.0113,agent_answered_unconfirmed,0.4915,0.1258,0.751,0.4188,0.9998,0.0553,0.0027,12.9167,18749
19.0,AzureSupport,0.5756,True,,3306,3093,0.9356,1864,0.6027,4.2367,0.1096,0.2974,redirected_to_dm,0.2974,0.3014,0.7214,0.571,0.9867,0.0608,0.0036,2.5,7565
20.0,AdobeCare,0.5744,True,,5093,4698,0.9224,2297,0.4889,3.8593,0.113,0.1369,redirected_to_channel,0.3291,0.2539,0.7328,0.6371,0.9981,0.0776,0.0055,51.7667,9917
21.0,SW_Help,0.5724,True,,6190,5245,0.8473,3274,0.6242,3.6503,0.1453,0.0061,agent_answered_unconfirmed,0.4471,0.0284,0.7048,0.8072,1.0,0.1527,0.0063,6.6667,12231
22.0,hulu_support,0.5724,True,,14898,14150,0.9498,5095,0.3601,2.9562,0.0953,0.0062,redirected_to_channel,0.5136,0.0036,0.7334,0.65,1.0,0.05,0.0019,830.2833,21872
23.0,AskCiti,0.5712,True,,2323,2186,0.941,1109,0.5073,3.2008,0.0988,0.2324,redirected_to_channel,0.382,0.1928,0.8435,0.5755,0.9991,0.059,0.0026,22.9583,4081
24.0,MicrosoftHelps,0.5615,True,,4437,3855,0.8688,3015,0.7821,5.0306,0.1193,0.11,redirected_to_channel,0.4259,0.0814,0.6614,0.6794,0.9995,0.1312,0.0043,115.35,11304
25.0,HPSupport,0.5583,True,,3840,3732,0.9719,2249,0.6026,3.1854,0.0338,0.5498,redirected_to_dm,0.5498,0.4736,0.7365,0.362,0.9979,0.0281,0.0013,204.1,7200
26.0,nationalrailenq,0.5577,True,,2235,1939,0.8676,1255,0.6472,3.8747,0.1815,0.0057,agent_answered_unconfirmed,0.458,0.0783,0.7079,0.8324,1.0,0.1253,0.0081,5.3167,4444
27.0,marksandspencer,0.5564,True,,7942,7440,0.9368,2964,0.3984,2.9203,0.1325,0.1075,agent_answered_unconfirmed,0.5461,0.0477,0.732,0.5134,1.0,0.0631,0.0037,263.4417,11504
28.0,AskTarget,0.5558,True,,11114,10398,0.9356,3030,0.2914,2.5241,0.1171,0.3371,redirected_to_dm,0.3371,0.1306,0.7665,0.5504,0.9998,0.0644,0.0023,145.5667,13218
29.0,Morrisons,0.5545,True,,5933,5561,0.9373,2802,0.5039,3.232,0.1458,0.2214,agent_answered_unconfirmed,0.4717,0.04,0.7421,0.5,0.9998,0.0624,0.0029,57.4,10126
30.0,AirAsiaSupport,0.5494,True,,6763,6263,0.9261,2769,0.4421,3.4769,0.1052,0.1969,agent_answered_unconfirmed,0.4057,0.1292,0.7316,0.6852,0.943,0.0738,0.0067,249.3667,12829
31.0,O2,0.5468,True,,9535,8758,0.9185,3650,0.4168,3.2729,0.0776,0.3404,redirected_to_dm,0.3404,0.0398,0.8381,0.6922,1.0,0.0815,0.0081,94.5583,16212
32.0,AskLyft,0.5462,True,,10148,9607,0.9467,2464,0.2565,2.4724,0.0507,0.544,redirected_to_dm,0.544,0.4841,0.8239,0.519,1.0,0.0533,0.0045,7.1667,11809
33.0,ChaseSupport,0.5372,True,,6773,6374,0.9411,1484,0.2328,2.5297,0.0921,0.5141,redirected_to_dm,0.5141,0.3096,0.8686,0.5278,0.9998,0.0589,0.0047,91.7583,8811
34.0,DropboxSupport,0.5359,True,,3175,2989,0.9414,1519,0.5082,3.3673,0.1158,0.2523,agent_answered_unconfirmed,0.2941,0.0527,0.7677,0.5959,0.9953,0.0586,0.005,1553.9333,5954
35.0,AmericanAir,0.5353,True,,26184,24429,0.933,9620,0.3938,3.0535,0.107,0.1772,agent_answered_unconfirmed,0.5081,0.0208,0.6496,0.7182,1.0,0.067,0.0052,12.1333,36764
36.0,VirginAtlantic,0.5327,True,,2758,2602,0.9434,1424,0.5473,3.5054,0.2248,0.0784,agent_answered_unconfirmed,0.3217,0.0086,0.7436,0.7863,1.0,0.0566,0.0036,16.4833,4318
37.0,SouthwestAir,0.5263,True,,21515,20696,0.9619,6293,0.3041,2.7012,0.1572,0.1689,agent_answered_unconfirmed,0.4625,0.0234,0.6295,0.7206,1.0,0.038,0.0025,7.5667,28977
38.0,AskeBay,0.5186,True,,5634,5217,0.926,2367,0.4537,3.5001,0.0868,0.3228,redirected_to_dm,0.3228,0.0096,0.8751,0.6386,0.9988,0.074,0.0053,497.8833,9686
39.0,sprintcare,0.5179,True,,13362,11530,0.8629,4353,0.3775,3.0494,0.0395,0.5436,redirected_to_dm,0.5436,0.1275,0.8213,0.5438,0.9996,0.1371,0.0085,9.8167,22381
40.0,AirbnbHelp,0.516,True,,6031,5691,0.9436,1982,0.3483,2.9684,0.0861,0.5981,redirected_to_dm,0.5981,0.0612,0.8686,0.6012,0.9972,0.0564,0.0104,7.85,8875
41.0,LondonMidland,0.5096,True,,3647,3123,0.8563,1847,0.5914,3.5511,0.1556,0.0096,agent_answered_unconfirmed,0.5194,0.0188,0.6917,0.8008,1.0,0.1431,0.0071,5.0333,6822
42.0,NikeSupport,0.5058,True,,1560,1497,0.9596,920,0.6146,4.7154,0.1089,0.187,agent_answered_unconfirmed,0.2278,0.233,0.6285,0.6179,0.9987,0.0404,0.0071,136.9,3468
43.0,IHGService,0.5,True,,1745,1671,0.9576,795,0.4758,3.0036,0.0916,0.4201,redirected_to_dm,0.4201,0.0923,0.8572,0.5685,1.0,0.0424,0.0023,11.2333,2643
44.0,DellCares,0.4942,True,,1988,1650,0.83,1190,0.7212,4.4327,0.0576,0.4121,redirected_to_dm,0.4121,0.0992,0.8508,0.5836,0.9988,0.1645,0.0121,42.3667,5336
45.0,AskPayPal,0.491,True,,9457,8554,0.9045,2008,0.2347,2.4455,0.0686,0.6884,redirected_to_dm,0.6884,0.3113,0.8309,0.5652,0.997,0.0955,0.0042,1278.0833,11298
46.0,comcastcares,0.4897,True,,23894,22228,0.9303,6959,0.3131,2.6955,0.0494,0.711,redirected_to_dm,0.711,0.271,0.6907,0.6896,0.9998,0.0697,0.0039,44.125,33031
47.0,AlaskaAir,0.4878,True,,5599,5355,0.9564,1747,0.3262,2.7946,0.1908,0.1421,agent_answered_unconfirmed,0.4768,0.0573,0.6554,0.7218,0.9998,0.0436,0.0034,3.6167,7478
48.0,GloCare,0.4878,True,,3213,2842,0.8845,1461,0.5141,3.9331,0.0827,0.0155,agent_answered_unconfirmed,0.6267,0.2616,0.612,0.6714,1.0,0.1155,0.0037,72.5083,6308
49.0,TfL,0.4865,True,,1568,1450,0.9247,639,0.4407,2.909,0.1214,0.0345,agent_answered_unconfirmed,0.4276,0.0569,0.8035,0.7331,1.0,0.0753,0.0147,48.075,2243
50.0,McDonalds,0.4846,True,,8123,7688,0.9464,941,0.1224,2.1337,0.0914,0.006,agent_answered_unconfirmed,0.6133,0.361,0.609,0.2264,1.0,0.0536,0.0007,667.3,8478
51.0,JetBlue,0.484,True,,5167,4867,0.9419,2355,0.4839,3.2651,0.1301,0.1202,agent_answered_unconfirmed,0.4089,0.0331,0.635,0.7988,1.0,0.0581,0.0043,3.45,8020
52.0,AppleSupport,0.4795,True,,80625,76209,0.9452,23636,0.3101,2.7566,0.0512,0.5876,redirected_to_dm,0.5876,0.1958,0.6063,0.658,0.998,0.0548,0.004,91.5833,106860
53.0,TacoBellTeam,0.4782,True,,3107,2988,0.9617,1049,0.3511,2.7868,0.0385,0.4926,redirected_to_dm,0.4926,0.6739,0.7351,0.5074,1.0,0.0383,0.0016,758.1417,4082
54.0,airtel_care,0.4769,True,,4014,3558,0.8864,1664,0.4677,3.5936,0.034,0.2456,agent_answered_unconfirmed,0.6464,0.5045,0.6886,0.57,0.9972,0.1131,0.0037,945.2667,9881
55.0,Ask_Spectrum,0.466,True,,18438,16762,0.9091,4791,0.2858,2.7286,0.0467,0.5244,redirected_to_dm,0.5244,0.4606,0.6159,0.7558,1.0,0.0908,0.0052,32.8667,25860
56.0,Ask_WellsFargo,0.4654,True,,6014,5643,0.9383,1333,0.2362,2.5279,0.0764,0.386,redirected_to_dm,0.386,0.1056,0.8543,0.3626,1.0,0.0617,0.0042,71.1,7578
57.0,AldiUK,0.4609,True,,6600,6104,0.9248,1613,0.2643,2.3814,0.1556,0.2702,agent_answered_unconfirmed,0.3858,0.1772,0.691,0.4532,1.0,0.0752,0.0012,71.6,8114
58.0,AsurionCares,0.4513,True,,1036,931,0.8986,410,0.4404,3.6445,0.0655,0.3813,redirected_to_dm,0.3813,0.3836,0.8279,0.5242,1.0,0.1014,0.0068,55.1167,1898
59.0,TMobileHelp,0.4506,True,,22675,19949,0.8798,5756,0.2885,2.7396,0.0476,0.7694,redirected_to_dm,0.7694,0.024,0.8365,0.6028,1.0,0.1202,0.0083,2.7167,34317
60.0,GoDaddyHelp,0.4462,True,,1450,1363,0.94,523,0.3837,2.9516,0.099,0.3382,redirected_to_dm,0.3382,0.0748,0.8624,0.5943,0.9985,0.06,0.0041,205.45,1965
61.0,ATVIAssist,0.4442,True,,11087,8323,0.7507,2675,0.3214,2.8272,0.0744,0.2488,agent_answered_unconfirmed,0.2778,0.2427,0.6069,0.5658,1.0,0.2493,0.0064,985.1833,17650
62.0,ArbysCares,0.441,True,,1555,1486,0.9556,455,0.3062,2.5572,0.0673,0.0323,redirected_to_channel,0.4293,0.4966,0.7018,0.4401,1.0,0.0444,0.0019,1158.45,1904
63.0,VirginAmerica,0.4321,True,,2099,2008,0.9566,709,0.3531,2.8964,0.1813,0.1479,agent_answered_unconfirmed,0.4203,0.054,0.6598,0.751,1.0,0.0434,0.0024,3.6333,2815
64.0,GreggsOfficial,0.4269,True,,3336,2974,0.8915,1204,0.4048,2.7724,0.0625,0.1839,agent_answered_unconfirmed,0.4586,0.1051,0.7239,0.4297,1.0,0.1085,0.0057,47.2583,4522
65.0,UPSHelp,0.4058,True,,15272,14091,0.9227,3918,0.278,2.5127,0.0413,0.6323,redirected_to_dm,0.6323,0.3092,0.402,0.8134,0.9988,0.0773,0.0034,13.9833,17817
66.0,CoxHelp,0.4058,True,,4840,4502,0.9302,1903,0.4227,3.2808,0.0624,0.5089,redirected_to_dm,0.5089,0.165,0.6231,0.7599,1.0,0.0698,0.006,24.4083,7861
67.0,CenturyLinkHelp,0.384,True,,2958,2692,0.9101,929,0.3451,2.659,0.0921,0.6408,redirected_to_dm,0.6408,0.44,0.6554,0.714,0.9996,0.0899,0.0054,6.1583,3801
68.0,KFC_UKI_Help,0.3788,True,,2017,1921,0.9524,506,0.2634,2.3654,0.0302,0.6236,redirected_to_dm,0.6236,0.5687,0.7627,0.6065,1.0,0.0476,0.0025,68.7667,2103
69.0,DunkinDonuts,0.3494,True,,1258,1196,0.9507,164,0.1371,2.1798,0.0293,0.5602,redirected_to_dm,0.5602,0.6498,0.7968,0.6079,1.0,0.0493,0.0016,1380.3333,1290
70.0,Postmates_Help,0.3385,True,,3006,2851,0.9484,682,0.2392,2.4542,0.0347,0.7068,redirected_to_dm,0.7068,0.4511,0.7162,0.8081,1.0,0.0516,0.0037,2.35,3346
71.0,sizehelpteam,0.3314,True,,1251,1175,0.9392,406,0.3455,2.5719,0.0613,0.5285,redirected_to_dm,0.5285,0.4126,0.6505,0.8374,1.0,0.0608,0.0032,80.3,1482
72.0,ATT,0.3263,True,,2028,1678,0.8274,527,0.3141,2.6329,0.0608,0.5232,redirected_to_dm,0.5232,0.0374,0.8378,0.6228,1.0,0.1726,0.0089,48.6,2790
73.0,AskPapaJohns,0.3205,True,,3153,2980,0.9451,879,0.295,2.6097,0.0406,0.6564,redirected_to_dm,0.6564,0.2313,0.6857,0.5772,1.0,0.0549,0.0044,9.7417,3908
74.0,askpanera,0.3115,True,,1978,1914,0.9676,486,0.2539,2.4159,0.0455,0.5993,redirected_to_dm,0.5993,0.2912,0.7086,0.5355,1.0,0.0324,0.0035,8.2333,2153
75.0,DoorDash_Help,0.3006,True,,1506,1360,0.9031,311,0.2287,2.3228,0.0507,0.7779,redirected_to_dm,0.7779,0.494,0.7484,0.764,1.0,0.0969,0.0046,20.5167,1581
76.0,Kimpton,0.2497,True,,1053,987,0.9373,265,0.2685,2.542,0.1408,0.0172,agent_answered_unconfirmed,0.6494,0.0,0.5575,0.4255,1.0,0.0627,0.0009,71.5667,1339
77.0,Walmart,0.2234,True,,2403,2166,0.9014,273,0.126,2.2041,0.0729,0.0009,agent_answered_unconfirmed,0.6893,0.0,0.3233,0.4871,1.0,0.0978,0.005,117.325,2643
78.0,TwitterSupport,0.1821,True,,1219,909,0.7457,120,0.132,2.1903,0.0,0.9813,redirected_to_dm,0.9813,0.9752,0.6149,0.2453,0.9989,0.2543,0.0402,8.95,1290
,SCsupport,,False,conversations<1000,980,955,0.9745,373,0.3906,2.9089,0.0974,0.0105,redirected_to_channel,0.4063,0.4405,0.6961,0.5832,0.9979,0.0255,0.0,3890.8,1329
,AWSSupport,,False,conversations<1000,904,773,0.8551,285,0.3687,2.6261,0.141,0.0039,redirected_to_channel,0.4994,0.0116,0.7097,0.599,1.0,0.1449,0.0011,147.75,1035
,NortonSupport,,False,conversations<1000;latin_script_share<0.85,897,824,0.9186,405,0.4915,4.29,0.0631,0.199,agent_answered_unconfirmed,0.3337,0.2123,0.8753,0.3956,0.6444,0.0814,0.0178,11.5667,2011
,AskRBC,,False,conversations<1000,837,757,0.9044,277,0.3659,2.6645,0.1744,0.1506,redirected_to_channel,0.2668,0.0,0.7667,0.5443,1.0,0.0956,0.0072,23.05,1011
,NeweggService,,False,conversations<1000,796,696,0.8744,306,0.4397,2.8175,0.1164,0.3937,redirected_to_dm,0.3937,0.127,0.8183,0.6451,0.9971,0.1256,0.0038,34.6167,1079
,PandoraSupport,,False,conversations<1000,724,712,0.9834,251,0.3525,2.7374,0.0885,0.2992,redirected_to_dm,0.2992,0.2023,0.7343,0.5927,0.9986,0.0166,0.0014,434.5667,1043
,VMUcare,,False,conversations<1000,721,593,0.8225,250,0.4216,3.199,0.0658,0.339,redirected_to_dm,0.339,0.0609,0.8287,0.6172,1.0,0.1775,0.0042,17.0167,1381
,HiltonHelp,,False,conversations<1000,715,633,0.8853,153,0.2417,2.5008,0.0284,0.7662,redirected_to_dm,0.7662,0.4694,0.8632,0.5371,1.0,0.1147,0.0056,64.2167,833
,BoostCare,,False,conversations<1000,662,608,0.9184,182,0.2993,2.7697,0.0411,0.4951,redirected_to_dm,0.4951,0.0276,0.7335,0.6283,0.9984,0.0816,0.0045,77.6,907
,PearsonSupport,,False,conversations<1000,604,559,0.9255,185,0.3309,2.7996,0.0751,0.102,redirected_to_channel,0.5331,0.283,0.7913,0.4937,1.0,0.0728,0.0083,9.75,841
,GooglePlayMusic,,False,conversations<1000,544,524,0.9632,282,0.5382,3.4485,0.1088,0.0076,agent_answered_unconfirmed,0.2996,0.0672,0.723,0.5286,0.9981,0.0368,0.0074,20.2167,804
,ask_progressive,,False,conversations<1000,543,522,0.9613,130,0.249,2.4349,0.113,0.523,redirected_to_dm,0.523,0.1209,0.8515,0.5479,1.0,0.0387,0.0037,91.7,612
,YahooCare,,False,conversations<1000,537,410,0.7635,211,0.5146,3.1659,0.122,0.2195,redirected_to_dm,0.2195,0.1137,0.7315,0.5805,1.0,0.2365,0.0056,265.9,906
,MTNC_Care,,False,conversations<1000,529,418,0.7902,173,0.4139,2.9282,0.0239,0.3828,redirected_to_dm,0.3828,0.0,0.6184,0.4522,0.9952,0.206,0.0076,34.3583,784
,USCellularCares,,False,conversations<1000,529,483,0.913,261,0.5404,4.4534,0.1035,0.0083,agent_answered_unconfirmed,0.2836,0.0051,0.7471,0.6232,1.0,0.087,0.0113,9.8667,1177
,asksalesforce,,False,conversations<1000,485,429,0.8845,185,0.4312,2.9977,0.1026,0.2168,agent_answered_unconfirmed,0.3077,0.0,0.7487,0.5897,1.0,0.1155,0.0,122.2167,710
,MOO,,False,conversations<1000,477,425,0.891,130,0.3059,2.6918,0.1294,0.0824,agent_answered_unconfirmed,0.6118,0.0571,0.5981,0.6329,0.9976,0.109,0.0,99.6333,630
,askvisa,,False,conversations<1000,473,442,0.9345,194,0.4389,2.8077,0.0339,0.0339,agent_answered_unconfirmed,0.5588,0.0155,0.6334,0.4729,0.9932,0.0655,0.0021,3004.2917,709
,OPPOCareIN,,False,conversations<1000,451,315,0.6984,157,0.4984,3.5714,0.0825,0.1968,agent_answered_unconfirmed,0.3683,0.1013,0.5862,0.619,0.9905,0.2993,0.0044,309.2333,879
,AskVirginMoney,,False,conversations<1000,396,384,0.9697,247,0.6432,4.8021,0.0911,0.0208,agent_answered_unconfirmed,0.4401,0.0284,0.7547,0.7005,1.0,0.0303,0.0051,23.05,914
,KeyBank_Help,,False,conversations<1000,373,351,0.941,164,0.4672,3.1197,0.0798,0.2764,redirected_to_dm,0.2764,0.0,0.8565,0.5613,1.0,0.059,0.008,25.1333,555
,AskRobinhood,,False,conversations<1000,353,313,0.8867,86,0.2748,2.4281,0.0479,0.0511,agent_answered_unconfirmed,0.5176,0.2464,0.5898,0.7125,1.0,0.1133,0.0,1136.7,432
,AskSeagate,,False,conversations<1000,342,328,0.9591,169,0.5152,3.6463,0.0732,0.1189,redirected_to_channel,0.4238,0.011,0.6823,0.6402,1.0,0.0409,0.0029,211.1917,639
,AskTigogh,,False,conversations<1000,322,242,0.7516,121,0.5,4.1157,0.062,0.1033,agent_answered_unconfirmed,0.5496,0.0785,0.5802,0.6074,1.0,0.2484,0.0,7.9667,715
,JackBox,,False,conversations<1000,233,216,0.927,49,0.2269,2.3009,0.0093,0.3657,agent_answered_unconfirmed,0.4074,0.4145,0.6263,0.3935,1.0,0.073,0.0,880.825,266
,AskDSC,,False,conversations<1000,198,192,0.9697,28,0.1458,2.224,0.0625,0.6823,redirected_to_dm,0.6823,0.2679,0.7213,0.6198,1.0,0.0303,0.0051,572.9,210
,mediatemplehelp,,False,conversations<1000,174,167,0.9598,92,0.5509,3.491,0.1198,0.0539,agent_answered_unconfirmed,0.3653,0.0,0.6733,0.7485,1.0,0.0402,0.0,9.2333,305
,CarlsJr,,False,conversations<1000,166,143,0.8614,35,0.2448,2.3357,0.028,0.0979,agent_answered_unconfirmed,0.3357,0.0,0.6764,0.3427,1.0,0.1325,0.0181,183.65,196
,HotelTonightCX,,False,conversations<1000,123,109,0.8862,25,0.2294,2.4404,0.0826,0.1835,agent_answered_unconfirmed,0.3578,0.0,0.8184,0.6514,1.0,0.1138,0.0,100.1,152
,OfficeSupport,,False,conversations<1000,103,57,0.5534,36,0.6316,4.5614,0.0702,0.3684,redirected_to_dm,0.3684,0.0,0.6892,0.5965,1.0,0.4466,0.0388,165.2,218
